<?xml version="1.0" encoding="UTF-8"?>
<project-private xmlns="http://www.netbeans.org/ns/project-private/1">
    <editor-bookmarks xmlns="http://www.netbeans.org/ns/editor-bookmarks/2" lastBookmarkId="0"/>
    <open-files xmlns="http://www.netbeans.org/ns/projectui-open-files/2">
        <group>
            <file>file:/C:/Users/lalit/OneDrive/Desktop/The_CosmeticStore/src/Login.java</file>
            <file>file:/C:/Users/lalit/OneDrive/Desktop/The_CosmeticStore/src/ViewProductsManager.java</file>
            <file>file:/C:/Users/lalit/OneDrive/Desktop/The_CosmeticStore/src/NewAcc.java</file>
            <file>file:/C:/Users/lalit/OneDrive/Desktop/The_CosmeticStore/src/ViewProducts.java</file>
            <file>file:/C:/Users/lalit/OneDrive/Desktop/The_CosmeticStore/src/ManageProducts.java</file>
        </group>
    </open-files>
</project-private>
